"Produkt_Code","SDO_ID","Zeitstempel","Wert","Qualitaet_Niveau","Qualitaet_Byte"
"SDK_MN004","1303","20190101","0","0","3"
"SDK_MN004","1303","20190102","0","0","3"
"SDK_MN004","1303","20190103","0","0","3"
"SDK_MN004","1303","20190104","0","0","3"
"SDK_MN004","1303","20190105","0","0","3"
"SDK_MN004","1303","20190106","0","0","3"
"SDK_MN004","1303","20190107","0","0","3"
"SDK_MN004","1303","20190108","0","0","3"
"SDK_MN004","1303","20190109","0","0","3"
"SDK_MN004","1303","20190110","0","0","3"
"SDK_MN004","1303","20190111","0","0","3"
"SDK_MN004","1303","20190112","0","0","3"
"SDK_MN004","1303","20190113","0","0","3"
"SDK_MN004","1303","20190114","2","0","3"
"SDK_MN004","1303","20190115","0","0","3"
"SDK_MN004","1303","20190116","0","0","3"
"SDK_MN004","1303","20190117","0.033","0","3"
"SDK_MN004","1303","20190118","4.5","0","3"
"SDK_MN004","1303","20190119","6.917","0","3"
"SDK_MN004","1303","20190120","8.033","0","3"
"SDK_MN004","1303","20190121","8.017","0","3"
"SDK_MN004","1303","20190122","3.6","0","3"
"SDK_MN004","1303","20190123","0.117","0","3"
"SDK_MN004","1303","20190124","0.083","0","3"
"SDK_MN004","1303","20190125","0","0","3"
"SDK_MN004","1303","20190126","0","0","3"
"SDK_MN004","1303","20190127","0","0","3"
"SDK_MN004","1303","20190128","0","0","3"
"SDK_MN004","1303","20190129","1","0","3"
"SDK_MN004","1303","20190130","0","0","3"
"SDK_MN004","1303","20190131","0","0","3"
"SDK_MN004","1303","20190201","3.25","0","3"
"SDK_MN004","1303","20190202","0","0","3"
"SDK_MN004","1303","20190203","4.7","0","3"
"SDK_MN004","1303","20190204","2.467","0","3"
"SDK_MN004","1303","20190205","0","0","3"
"SDK_MN004","1303","20190206","0.2","0","3"
"SDK_MN004","1303","20190207","2.517","0","3"
"SDK_MN004","1303","20190208","0","0","3"
"SDK_MN004","1303","20190209","2.35","0","3"
"SDK_MN004","1303","20190210","0","0","3"
"SDK_MN004","1303","20190211","1.967","0","3"
"SDK_MN004","1303","20190212","1.333","0","3"
"SDK_MN004","1303","20190213","4.967","0","3"
"SDK_MN004","1303","20190214","9.183","0","3"
"SDK_MN004","1303","20190215","9.65","0","3"
"SDK_MN004","1303","20190216","9.183","0","3"
"SDK_MN004","1303","20190217","8.783","0","3"
"SDK_MN004","1303","20190218","9.433","0","3"
"SDK_MN004","1303","20190219","2.667","0","3"
"SDK_MN004","1303","20190220","1.967","0","3"
"SDK_MN004","1303","20190221","2.6","0","3"
"SDK_MN004","1303","20190222","0.9","0","3"
"SDK_MN004","1303","20190223","9.633","0","3"
"SDK_MN004","1303","20190224","10.033","0","3"
"SDK_MN004","1303","20190225","10.067","0","3"
"SDK_MN004","1303","20190226","10.167","0","3"
"SDK_MN004","1303","20190227","10.383","0","3"
"SDK_MN004","1303","20190228","6.017","0","3"
"SDK_MN004","1303","20190301","0","0","3"
"SDK_MN004","1303","20190302","0.817","0","3"
"SDK_MN004","1303","20190303","0","0","3"
"SDK_MN004","1303","20190304","1.05","0","3"
"SDK_MN004","1303","20190305","1.95","0","3"
"SDK_MN004","1303","20190306","1.067","0","3"
"SDK_MN004","1303","20190307","2","0","3"
"SDK_MN004","1303","20190308","1.867","0","3"
"SDK_MN004","1303","20190309","0.733","0","3"
"SDK_MN004","1303","20190310","0.467","0","3"
"SDK_MN004","1303","20190311","0.933","0","3"
"SDK_MN004","1303","20190312","1.3","0","3"
"SDK_MN004","1303","20190313","0","0","3"
"SDK_MN004","1303","20190314","1.017","0","3"
"SDK_MN004","1303","20190315","0","0","3"
"SDK_MN004","1303","20190316","0","0","3"
"SDK_MN004","1303","20190317","1.883","0","3"
"SDK_MN004","1303","20190318","4.15","0","3"
"SDK_MN004","1303","20190319","7.9","0","3"
"SDK_MN004","1303","20190320","0.567","0","3"
"SDK_MN004","1303","20190321","11.3","0","3"
"SDK_MN004","1303","20190322","11.167","0","3"
"SDK_MN004","1303","20190323","0.183","0","3"
"SDK_MN004","1303","20190324","9.05","0","3"
"SDK_MN004","1303","20190325","3.217","0","3"
"SDK_MN004","1303","20190326","0.283","0","3"
"SDK_MN004","1303","20190327","2.7","0","3"
"SDK_MN004","1303","20190328","0.083","0","3"
"SDK_MN004","1303","20190329","11.933","0","3"
"SDK_MN004","1303","20190330","10.683","0","3"
"SDK_MN004","1303","20190331","5.817","0","3"
"SDK_MN004","1303","20190401","12.167","0","3"
"SDK_MN004","1303","20190402","4.167","0","3"
"SDK_MN004","1303","20190403","0","0","3"
"SDK_MN004","1303","20190404","0","0","3"
"SDK_MN004","1303","20190405","0","0","3"
"SDK_MN004","1303","20190406","1.167","0","3"
"SDK_MN004","1303","20190407","10.05","0","3"
"SDK_MN004","1303","20190408","6.683","0","3"
"SDK_MN004","1303","20190409","7.4","0","3"
"SDK_MN004","1303","20190410","12.533","0","3"
"SDK_MN004","1303","20190411","10.8","0","3"
"SDK_MN004","1303","20190412","0.133","0","3"
"SDK_MN004","1303","20190413","5.717","0","3"
"SDK_MN004","1303","20190414","7.083","0","3"
"SDK_MN004","1303","20190415","10.7","0","3"
"SDK_MN004","1303","20190416","10.933","0","3"
"SDK_MN004","1303","20190417","1.083","0","3"
"SDK_MN004","1303","20190418","10.533","0","3"
"SDK_MN004","1303","20190419","13.25","0","3"
"SDK_MN004","1303","20190420","13.25","0","3"
"SDK_MN004","1303","20190421","13.267","0","3"
"SDK_MN004","1303","20190422","13.25","0","3"
"SDK_MN004","1303","20190423","12.017","0","3"
"SDK_MN004","1303","20190424","7.9","0","3"
"SDK_MN004","1303","20190425","5.867","0","3"
"SDK_MN004","1303","20190426","2.767","0","3"
"SDK_MN004","1303","20190427","2.083","0","3"
"SDK_MN004","1303","20190428","1.783","0","3"
"SDK_MN004","1303","20190429","7.117","0","3"
"SDK_MN004","1303","20190430","10.4","0","3"
"SDK_MN004","1303","20190501","3.783","0","3"
"SDK_MN004","1303","20190502","2.883","0","3"
"SDK_MN004","1303","20190503","2.417","0","3"
"SDK_MN004","1303","20190504","6.417","0","3"
"SDK_MN004","1303","20190505","4.283","0","3"
"SDK_MN004","1303","20190506","1.933","0","3"
"SDK_MN004","1303","20190507","4.7","0","3"
"SDK_MN004","1303","20190508","0.117","0","3"
"SDK_MN004","1303","20190509","7.317","0","3"
"SDK_MN004","1303","20190510","3.167","0","3"
"SDK_MN004","1303","20190511","3.983","0","3"
"SDK_MN004","1303","20190512","6.167","0","3"
"SDK_MN004","1303","20190513","14.35","0","3"
"SDK_MN004","1303","20190514","12.867","0","3"
"SDK_MN004","1303","20190515","13.95","0","3"
"SDK_MN004","1303","20190516","1.733","0","3"
"SDK_MN004","1303","20190517","0","0","3"
"SDK_MN004","1303","20190518","5.783","0","3"
"SDK_MN004","1303","20190519","7.967","0","3"
"SDK_MN004","1303","20190520","0","0","3"
"SDK_MN004","1303","20190521","0","0","3"
"SDK_MN004","1303","20190522","4.05","0","3"
"SDK_MN004","1303","20190523","13.55","0","3"
"SDK_MN004","1303","20190524","8.45","0","3"
"SDK_MN004","1303","20190525","6.267","0","3"
"SDK_MN004","1303","20190526","2.683","0","3"
"SDK_MN004","1303","20190527","5.067","0","3"
"SDK_MN004","1303","20190528","1.667","0","3"
"SDK_MN004","1303","20190529","14.667","0","3"
"SDK_MN004","1303","20190530","0","0","3"
"SDK_MN004","1303","20190531","11.233","0","3"
"SDK_MN004","1303","20190601","14.067","0","3"
"SDK_MN004","1303","20190602","15.133","0","3"
"SDK_MN004","1303","20190603","2.717","0","3"
"SDK_MN004","1303","20190604","10.5","0","3"
"SDK_MN004","1303","20190605","9.467","0","3"
"SDK_MN004","1303","20190606","5.667","0","3"
"SDK_MN004","1303","20190607","10.667","0","3"
"SDK_MN004","1303","20190608","3.55","0","3"
"SDK_MN004","1303","20190609","9.983","0","3"
"SDK_MN004","1303","20190610","5.35","0","3"
"SDK_MN004","1303","20190611","8.25","0","3"
"SDK_MN004","1303","20190612","7.6","0","3"
"SDK_MN004","1303","20190613","10.317","0","3"
"SDK_MN004","1303","20190614","13.133","0","3"
"SDK_MN004","1303","20190615","5.4","0","3"
"SDK_MN004","1303","20190616","10.7","0","3"
"SDK_MN004","1303","20190617","14.283","0","3"
"SDK_MN004","1303","20190618","10.667","0","3"
"SDK_MN004","1303","20190619","10.767","0","3"
"SDK_MN004","1303","20190620","2.883","0","3"
"SDK_MN004","1303","20190621","10.717","0","3"
"SDK_MN004","1303","20190622","13.083","0","3"
"SDK_MN004","1303","20190623","12.783","0","3"
"SDK_MN004","1303","20190624","14.017","0","3"
"SDK_MN004","1303","20190625","13.517","0","3"
"SDK_MN004","1303","20190626","14.7","0","3"
"SDK_MN004","1303","20190627","13.5","0","3"
"SDK_MN004","1303","20190628","14.3","0","3"
"SDK_MN004","1303","20190629","15.667","0","3"
"SDK_MN004","1303","20190630","14.117","0","3"
"SDK_MN004","1303","20190701","10.283","0","3"
"SDK_MN004","1303","20190702","11.017","0","3"
"SDK_MN004","1303","20190703","10.1","0","3"
"SDK_MN004","1303","20190704","14.3","0","3"
"SDK_MN004","1303","20190705","9.183","0","3"
"SDK_MN004","1303","20190706","9.7","0","3"
"SDK_MN004","1303","20190707","5.367","0","3"
"SDK_MN004","1303","20190708","0.85","0","3"
"SDK_MN004","1303","20190709","6.133","0","3"
"SDK_MN004","1303","20190710","5.767","0","3"
"SDK_MN004","1303","20190711","2.133","0","3"
"SDK_MN004","1303","20190712","4.283","0","3"
"SDK_MN004","1303","20190713","2.633","0","3"
"SDK_MN004","1303","20190714","0.1","0","3"
"SDK_MN004","1303","20190715","0.067","0","3"
"SDK_MN004","1303","20190716","1.333","0","3"
"SDK_MN004","1303","20190717","3","0","3"
"SDK_MN004","1303","20190718","5.683","0","3"
"SDK_MN004","1303","20190719","8.1","0","3"
"SDK_MN004","1303","20190720","6.067","0","3"
"SDK_MN004","1303","20190721","5.717","0","3"
"SDK_MN004","1303","20190722","13.067","0","3"
"SDK_MN004","1303","20190723","14.767","0","3"
"SDK_MN004","1303","20190724","13.95","0","3"
"SDK_MN004","1303","20190725","13.767","0","3"
"SDK_MN004","1303","20190726","10.35","0","3"
"SDK_MN004","1303","20190727","7.433","0","3"
"SDK_MN004","1303","20190728","0","0","3"
"SDK_MN004","1303","20190729","13.583","0","3"
"SDK_MN004","1303","20190730","9.317","0","3"
"SDK_MN004","1303","20190731","5.9","0","3"
"SDK_MN004","1303","20190801","6.717","0","3"
"SDK_MN004","1303","20190802","5.383","0","3"
"SDK_MN004","1303","20190803","0.95","0","3"
"SDK_MN004","1303","20190804","11.5","0","3"
"SDK_MN004","1303","20190805","8.067","0","3"
"SDK_MN004","1303","20190806","6.75","0","3"
"SDK_MN004","1303","20190807","8.167","0","3"
"SDK_MN004","1303","20190808","9.9","0","3"
"SDK_MN004","1303","20190809","0.533","0","3"
"SDK_MN004","1303","20190810","7.033","0","3"
"SDK_MN004","1303","20190811","5.25","0","3"
"SDK_MN004","1303","20190812","6.217","0","3"
"SDK_MN004","1303","20190813","3.967","0","3"
"SDK_MN004","1303","20190814","8.967","0","3"
"SDK_MN004","1303","20190815","2.683","0","3"
"SDK_MN004","1303","20190816","4.917","0","3"
"SDK_MN004","1303","20190817","0.05","0","3"
"SDK_MN004","1303","20190818","0.9","0","3"
"SDK_MN004","1303","20190819","8.567","0","3"
"SDK_MN004","1303","20190820","8.217","0","3"
"SDK_MN004","1303","20190821","12.45","0","3"
"SDK_MN004","1303","20190822","13.05","0","3"
"SDK_MN004","1303","20190823","12.85","0","3"
"SDK_MN004","1303","20190824","13.133","0","3"
"SDK_MN004","1303","20190825","10.233","0","3"
"SDK_MN004","1303","20190826","10.933","0","3"
"SDK_MN004","1303","20190827","10.5","0","3"
"SDK_MN004","1303","20190828","9","0","3"
"SDK_MN004","1303","20190829","5","0","3"
"SDK_MN004","1303","20190830","11.483","0","3"
"SDK_MN004","1303","20190831","10.567","0","3"
"SDK_MN004","1303","20190901","2.567","0","3"
"SDK_MN004","1303","20190902","10.767","0","3"
"SDK_MN004","1303","20190903","1.567","0","3"
"SDK_MN004","1303","20190904","4.8","0","3"
"SDK_MN004","1303","20190905","4.017","0","3"
"SDK_MN004","1303","20190906","9.467","0","3"
"SDK_MN004","1303","20190907","3.967","0","3"
"SDK_MN004","1303","20190908","2.183","0","3"
"SDK_MN004","1303","20190909","5.15","0","3"
"SDK_MN004","1303","20190910","9.567","0","3"
"SDK_MN004","1303","20190911","3.683","0","3"
"SDK_MN004","1303","20190912","4.767","0","3"
"SDK_MN004","1303","20190913","2.35","0","3"
"SDK_MN004","1303","20190914","11.75","0","3"
"SDK_MN004","1303","20190915","11.35","0","3"
"SDK_MN004","1303","20190916","0","0","3"
"SDK_MN004","1303","20190917","3.317","0","3"
"SDK_MN004","1303","20190918","6.967","0","3"
"SDK_MN004","1303","20190919","10.367","0","3"
"SDK_MN004","1303","20190920","11.25","0","3"
"SDK_MN004","1303","20190921","11.6","0","3"
"SDK_MN004","1303","20190922","8.567","0","3"
"SDK_MN004","1303","20190923","2.083","0","3"
"SDK_MN004","1303","20190924","1.033","0","3"
"SDK_MN004","1303","20190925","0.65","0","3"
"SDK_MN004","1303","20190926","0.167","0","3"
"SDK_MN004","1303","20190927","4.333","0","3"
"SDK_MN004","1303","20190928","0.983","0","3"
"SDK_MN004","1303","20190929","0.117","0","3"
"SDK_MN004","1303","20190930","1.017","0","3"
"SDK_MN004","1303","20191001","0","0","3"
"SDK_MN004","1303","20191002","5.283","0","3"
"SDK_MN004","1303","20191003","0.333","0","3"
"SDK_MN004","1303","20191004","0.017","0","3"
"SDK_MN004","1303","20191005","1.833","0","3"
"SDK_MN004","1303","20191006","0","0","3"
"SDK_MN004","1303","20191007","0.4","0","3"
"SDK_MN004","1303","20191008","0.15","0","3"
"SDK_MN004","1303","20191009","0.217","0","3"
"SDK_MN004","1303","20191010","2.833","0","3"
"SDK_MN004","1303","20191011","0","0","3"
"SDK_MN004","1303","20191012","4.383","0","3"
"SDK_MN004","1303","20191013","3.517","0","3"
"SDK_MN004","1303","20191014","6.217","0","3"
"SDK_MN004","1303","20191015","1.3","0","3"
"SDK_MN004","1303","20191016","3.383","0","3"
"SDK_MN004","1303","20191017","0.35","0","3"
"SDK_MN004","1303","20191018","2.4","0","3"
"SDK_MN004","1303","20191019","0.083","0","3"
"SDK_MN004","1303","20191020","0","0","3"
"SDK_MN004","1303","20191021","3.533","0","3"
"SDK_MN004","1303","20191022","0.267","0","3"
"SDK_MN004","1303","20191023","4.9","0","3"
"SDK_MN004","1303","20191024","2.767","0","3"
"SDK_MN004","1303","20191025","4.55","0","3"
"SDK_MN004","1303","20191026","5.767","0","3"
"SDK_MN004","1303","20191027","0.933","0","3"
"SDK_MN004","1303","20191028","4.283","0","3"
"SDK_MN004","1303","20191029","6.683","0","3"
"SDK_MN004","1303","20191030","5.417","0","3"
"SDK_MN004","1303","20191031","8.767","0","3"
"SDK_MN004","1303","20191101","0","0","3"
"SDK_MN004","1303","20191102","0.25","0","3"
"SDK_MN004","1303","20191103","0.4","0","3"
"SDK_MN004","1303","20191104","0.633","0","3"
"SDK_MN004","1303","20191105","0","0","3"
"SDK_MN004","1303","20191106","0","0","3"
"SDK_MN004","1303","20191107","1.1","0","3"
"SDK_MN004","1303","20191108","3.517","0","3"
"SDK_MN004","1303","20191109","0.583","0","3"
"SDK_MN004","1303","20191110","8.583","0","3"
"SDK_MN004","1303","20191111","0.083","0","3"
"SDK_MN004","1303","20191112","0.067","0","3"
"SDK_MN004","1303","20191113","0","0","3"
"SDK_MN004","1303","20191114","0.383","0","3"
"SDK_MN004","1303","20191115","1.017","0","3"
"SDK_MN004","1303","20191116","3.167","0","3"
"SDK_MN004","1303","20191117","0","0","3"
"SDK_MN004","1303","20191118","0","0","3"
"SDK_MN004","1303","20191119","0.033","0","3"
"SDK_MN004","1303","20191120","3.533","0","3"
"SDK_MN004","1303","20191121","1.75","0","3"
"SDK_MN004","1303","20191122","5.367","0","3"
"SDK_MN004","1303","20191123","3.4","0","3"
"SDK_MN004","1303","20191124","4.767","0","3"
"SDK_MN004","1303","20191125","0","0","3"
"SDK_MN004","1303","20191126","0.317","0","3"
"SDK_MN004","1303","20191127","0.3","0","3"
"SDK_MN004","1303","20191128","0","0","3"
"SDK_MN004","1303","20191129","3.1","0","3"
"SDK_MN004","1303","20191130","2.4","0","3"
"SDK_MN004","1303","20191201","0","0","3"
"SDK_MN004","1303","20191202","0.183","0","3"
"SDK_MN004","1303","20191203","1.15","0","3"
"SDK_MN004","1303","20191204","7.417","0","3"
"SDK_MN004","1303","20191205","3.55","0","3"
"SDK_MN004","1303","20191206","0","0","3"
"SDK_MN004","1303","20191207","0","0","3"
"SDK_MN004","1303","20191208","0","0","3"
"SDK_MN004","1303","20191209","0","0","3"
"SDK_MN004","1303","20191210","3.933","0","3"
"SDK_MN004","1303","20191211","0","0","3"
"SDK_MN004","1303","20191212","2.983","0","3"
"SDK_MN004","1303","20191213","0","0","3"
"SDK_MN004","1303","20191214","0.3","0","3"
"SDK_MN004","1303","20191215","3.583","0","3"
"SDK_MN004","1303","20191216","0","0","3"
"SDK_MN004","1303","20191217","0.167","0","3"
"SDK_MN004","1303","20191218","4.817","0","3"
"SDK_MN004","1303","20191219","6.783","0","3"
"SDK_MN004","1303","20191220","0","0","3"
"SDK_MN004","1303","20191221","3.533","0","3"
"SDK_MN004","1303","20191222","0","0","3"
"SDK_MN004","1303","20191223","0","0","3"
"SDK_MN004","1303","20191224","0","0","3"
"SDK_MN004","1303","20191225","0","0","3"
"SDK_MN004","1303","20191226","0","0","3"
"SDK_MN004","1303","20191227","4.4","0","3"
"SDK_MN004","1303","20191228","2.467","0","3"
"SDK_MN004","1303","20191229","0.333","0","3"
"SDK_MN004","1303","20191230","5.767","0","3"
"SDK_MN004","1303","20191231","0","0","3"
"SDK_MN004","1303","20200101","7.35","0","3"
"SDK_MN004","1303","20200102","0.1","0","3"
"SDK_MN004","1303","20200103","0","0","3"
"SDK_MN004","1303","20200104","0","0","3"
"SDK_MN004","1303","20200105","0","0","3"
"SDK_MN004","1303","20200106","3.933","0","3"
"SDK_MN004","1303","20200107","0.15","0","3"
"SDK_MN004","1303","20200108","0","0","3"
"SDK_MN004","1303","20200109","0","0","3"
"SDK_MN004","1303","20200110","0","0","3"
"SDK_MN004","1303","20200111","0.9","0","3"
"SDK_MN004","1303","20200112","0.117","0","3"
"SDK_MN004","1303","20200113","2.067","0","3"
"SDK_MN004","1303","20200114","0","0","3"
"SDK_MN004","1303","20200115","1.783","0","3"
"SDK_MN004","1303","20200116","7.783","0","3"
"SDK_MN004","1303","20200117","0.15","0","3"
"SDK_MN004","1303","20200118","0.017","0","3"
"SDK_MN004","1303","20200119","1.033","0","3"
"SDK_MN004","1303","20200120","0.05","0","3"
"SDK_MN004","1303","20200121","7.833","0","3"
"SDK_MN004","1303","20200122","0","0","3"
"SDK_MN004","1303","20200123","0","0","3"
"SDK_MN004","1303","20200124","0","0","3"
"SDK_MN004","1303","20200125","0","0","3"
"SDK_MN004","1303","20200126","5.633","0","3"
"SDK_MN004","1303","20200127","0","0","3"
"SDK_MN004","1303","20200128","0.4","0","3"
"SDK_MN004","1303","20200129","0.217","0","3"
"SDK_MN004","1303","20200130","2.167","0","3"
"SDK_MN004","1303","20200131","0.367","0","3"
"SDK_MN004","2667","20190101","0","0","3"
"SDK_MN004","2667","20190102","1.25","0","3"
"SDK_MN004","2667","20190103","0.233","0","3"
"SDK_MN004","2667","20190104","0","0","3"
"SDK_MN004","2667","20190105","0","0","3"
"SDK_MN004","2667","20190106","0","0","3"
"SDK_MN004","2667","20190107","0","0","3"
"SDK_MN004","2667","20190108","0.433","0","3"
"SDK_MN004","2667","20190109","1.417","0","3"
"SDK_MN004","2667","20190110","0.017","0","3"
"SDK_MN004","2667","20190111","0","0","3"
"SDK_MN004","2667","20190112","0","0","3"
"SDK_MN004","2667","20190113","0","0","3"
"SDK_MN004","2667","20190114","1.367","0","3"
"SDK_MN004","2667","20190115","0","0","3"
"SDK_MN004","2667","20190116","0","0","3"
"SDK_MN004","2667","20190117","0","0","3"
"SDK_MN004","2667","20190118","4.217","0","3"
"SDK_MN004","2667","20190119","6.15","0","3"
"SDK_MN004","2667","20190120","7.1","0","3"
"SDK_MN004","2667","20190121","7.167","0","3"
"SDK_MN004","2667","20190122","3.8","0","3"
"SDK_MN004","2667","20190123","0.083","0","3"
"SDK_MN004","2667","20190124","0","0","3"
"SDK_MN004","2667","20190125","0.467","0","3"
"SDK_MN004","2667","20190126","0","0","3"
"SDK_MN004","2667","20190127","0","0","3"
"SDK_MN004","2667","20190128","0","0","3"
"SDK_MN004","2667","20190129","3.4","0","3"
"SDK_MN004","2667","20190130","0","0","3"
"SDK_MN004","2667","20190131","1.083","0","3"
"SDK_MN004","2667","20190201","3.5","0","3"
"SDK_MN004","2667","20190202","0","0","3"
"SDK_MN004","2667","20190203","1.833","0","3"
"SDK_MN004","2667","20190204","2.567","0","3"
"SDK_MN004","2667","20190205","0","0","3"
"SDK_MN004","2667","20190206","0.533","0","3"
"SDK_MN004","2667","20190207","2.517","0","3"
"SDK_MN004","2667","20190208","0","0","3"
"SDK_MN004","2667","20190209","1.367","0","3"
"SDK_MN004","2667","20190210","0","0","3"
"SDK_MN004","2667","20190211","0.35","0","3"
"SDK_MN004","2667","20190212","0.283","0","3"
"SDK_MN004","2667","20190213","6.5","0","3"
"SDK_MN004","2667","20190214","8.7","0","3"
"SDK_MN004","2667","20190215","8.85","0","3"
"SDK_MN004","2667","20190216","8.8","0","3"
"SDK_MN004","2667","20190217","8.933","0","3"
"SDK_MN004","2667","20190218","8.95","0","3"
"SDK_MN004","2667","20190219","5.033","0","3"
"SDK_MN004","2667","20190220","3.483","0","3"
"SDK_MN004","2667","20190221","1.3","0","3"
"SDK_MN004","2667","20190222","1.883","0","3"
"SDK_MN004","2667","20190223","8.483","0","3"
"SDK_MN004","2667","20190224","9.467","0","3"
"SDK_MN004","2667","20190225","9.533","0","3"
"SDK_MN004","2667","20190226","9.617","0","3"
"SDK_MN004","2667","20190227","9.65","0","3"
"SDK_MN004","2667","20190228","5.217","0","3"
"SDK_MN004","2667","20190301","0","0","3"
"SDK_MN004","2667","20190302","0.333","0","3"
"SDK_MN004","2667","20190303","0","0","3"
"SDK_MN004","2667","20190304","1.667","0","3"
"SDK_MN004","2667","20190305","1.483","0","3"
"SDK_MN004","2667","20190306","0.283","0","3"
"SDK_MN004","2667","20190307","2.45","0","3"
"SDK_MN004","2667","20190308","1.217","0","3"
"SDK_MN004","2667","20190309","1.1","0","3"
"SDK_MN004","2667","20190310","2.15","0","3"
"SDK_MN004","2667","20190311","2.567","0","3"
"SDK_MN004","2667","20190312","0.833","0","3"
"SDK_MN004","2667","20190313","0","0","3"
"SDK_MN004","2667","20190314","0.25","0","3"
"SDK_MN004","2667","20190315","0","0","3"
"SDK_MN004","2667","20190316","0.033","0","3"
"SDK_MN004","2667","20190317","1.9","0","3"
"SDK_MN004","2667","20190318","4.2","0","3"
"SDK_MN004","2667","20190319","9.317","0","3"
"SDK_MN004","2667","20190320","4.35","0","3"
"SDK_MN004","2667","20190321","11.033","0","3"
"SDK_MN004","2667","20190322","10.75","0","3"
"SDK_MN004","2667","20190323","0.117","0","3"
"SDK_MN004","2667","20190324","5","0","3"
"SDK_MN004","2667","20190325","3","0","3"
"SDK_MN004","2667","20190326","0.067","0","3"
"SDK_MN004","2667","20190327","1.5","0","3"
"SDK_MN004","2667","20190328","0.467","0","3"
"SDK_MN004","2667","20190329","11.533","0","3"
"SDK_MN004","2667","20190330","11.617","0","3"
"SDK_MN004","2667","20190331","9.3","0","3"
"SDK_MN004","2667","20190401","11.817","0","3"
"SDK_MN004","2667","20190402","0.783","0","3"
"SDK_MN004","2667","20190403","0","0","3"
"SDK_MN004","2667","20190404","0","0","3"
"SDK_MN004","2667","20190405","0","0","3"
"SDK_MN004","2667","20190406","4.05","0","3"
"SDK_MN004","2667","20190407","9.65","0","3"
"SDK_MN004","2667","20190408","3.583","0","3"
"SDK_MN004","2667","20190409","2.5","0","3"
"SDK_MN004","2667","20190410","9.933","0","3"
"SDK_MN004","2667","20190411","12.367","0","3"
"SDK_MN004","2667","20190412","0","0","3"
"SDK_MN004","2667","20190413","4.8","0","3"
"SDK_MN004","2667","20190414","7.883","0","3"
"SDK_MN004","2667","20190415","10.633","0","3"
"SDK_MN004","2667","20190416","9","0","3"
"SDK_MN004","2667","20190417","2.483","0","3"
"SDK_MN004","2667","20190418","12.2","0","3"
"SDK_MN004","2667","20190419","13.033","0","3"
"SDK_MN004","2667","20190420","13.017","0","3"
"SDK_MN004","2667","20190421","13.083","0","3"
"SDK_MN004","2667","20190422","12.667","0","3"
"SDK_MN004","2667","20190423","9.083","0","3"
"SDK_MN004","2667","20190424","7.333","0","3"
"SDK_MN004","2667","20190425","3.317","0","3"
"SDK_MN004","2667","20190426","1.9","0","3"
"SDK_MN004","2667","20190427","2.233","0","3"
"SDK_MN004","2667","20190428","3.4","0","3"
"SDK_MN004","2667","20190429","6.983","0","3"
"SDK_MN004","2667","20190430","9.233","0","3"
"SDK_MN004","2667","20190501","6.533","0","3"
"SDK_MN004","2667","20190502","2.933","0","3"
"SDK_MN004","2667","20190503","2.767","0","3"
"SDK_MN004","2667","20190504","5.467","0","3"
"SDK_MN004","2667","20190505","3.967","0","3"
"SDK_MN004","2667","20190506","0.883","0","3"
"SDK_MN004","2667","20190507","1.067","0","3"
"SDK_MN004","2667","20190508","0.267","0","3"
"SDK_MN004","2667","20190509","4.2","0","3"
"SDK_MN004","2667","20190510","3.267","0","3"
"SDK_MN004","2667","20190511","2.333","0","3"
"SDK_MN004","2667","20190512","5.133","0","3"
"SDK_MN004","2667","20190513","14.333","0","3"
"SDK_MN004","2667","20190514","12.3","0","3"
"SDK_MN004","2667","20190515","14.283","0","3"
"SDK_MN004","2667","20190516","2.383","0","3"
"SDK_MN004","2667","20190517","1.867","0","3"
"SDK_MN004","2667","20190518","5.433","0","3"
"SDK_MN004","2667","20190519","4.25","0","3"
"SDK_MN004","2667","20190520","0","0","3"
"SDK_MN004","2667","20190521","0","0","3"
"SDK_MN004","2667","20190522","5.717","0","3"
"SDK_MN004","2667","20190523","13.767","0","3"
"SDK_MN004","2667","20190524","9.717","0","3"
"SDK_MN004","2667","20190525","10.5","0","3"
"SDK_MN004","2667","20190526","5.1","0","3"
"SDK_MN004","2667","20190527","0.85","0","3"
"SDK_MN004","2667","20190528","3.567","0","3"
"SDK_MN004","2667","20190529","14.717","0","3"
"SDK_MN004","2667","20190530","0.183","0","3"
"SDK_MN004","2667","20190531","7.65","0","3"
"SDK_MN004","2667","20190601","14.583","0","3"
"SDK_MN004","2667","20190602","14.7","0","3"
"SDK_MN004","2667","20190603","4.433","0","3"
"SDK_MN004","2667","20190604","9.5","0","3"
"SDK_MN004","2667","20190605","12.75","0","3"
"SDK_MN004","2667","20190606","2.95","0","3"
"SDK_MN004","2667","20190607","9.183","0","3"
"SDK_MN004","2667","20190608","3.65","0","3"
"SDK_MN004","2667","20190609","9.1","0","3"
"SDK_MN004","2667","20190610","4.333","0","3"
"SDK_MN004","2667","20190611","6.867","0","3"
"SDK_MN004","2667","20190612","6.45","0","3"
"SDK_MN004","2667","20190613","10.017","0","3"
"SDK_MN004","2667","20190614","9.65","0","3"
"SDK_MN004","2667","20190615","7.017","0","3"
"SDK_MN004","2667","20190616","6.083","0","3"
"SDK_MN004","2667","20190617","13.367","0","3"
"SDK_MN004","2667","20190618","11.467","0","3"
"SDK_MN004","2667","20190619","8.967","0","3"
"SDK_MN004","2667","20190620","4.2","0","3"
"SDK_MN004","2667","20190621","12.983","0","3"
"SDK_MN004","2667","20190622","12.833","0","3"
"SDK_MN004","2667","20190623","13.6","0","3"
"SDK_MN004","2667","20190624","14.05","0","3"
"SDK_MN004","2667","20190625","13.767","0","3"
"SDK_MN004","2667","20190626","14.15","0","3"
"SDK_MN004","2667","20190627","15.333","0","3"
"SDK_MN004","2667","20190628","15.4","0","3"
"SDK_MN004","2667","20190629","15.383","0","3"
"SDK_MN004","2667","20190630","12.933","0","3"
"SDK_MN004","2667","20190701","9.283","0","3"
"SDK_MN004","2667","20190702","11.517","0","3"
"SDK_MN004","2667","20190703","11.317","0","3"
"SDK_MN004","2667","20190704","14.433","0","3"
"SDK_MN004","2667","20190705","7.317","0","3"
"SDK_MN004","2667","20190706","9.45","0","3"
"SDK_MN004","2667","20190707","5.583","0","3"
"SDK_MN004","2667","20190708","1.717","0","3"
"SDK_MN004","2667","20190709","6.883","0","3"
"SDK_MN004","2667","20190710","9.867","0","3"
"SDK_MN004","2667","20190711","1.383","0","3"
"SDK_MN004","2667","20190712","5.883","0","3"
"SDK_MN004","2667","20190713","2.083","0","3"
"SDK_MN004","2667","20190714","0.35","0","3"
"SDK_MN004","2667","20190715","0","0","3"
"SDK_MN004","2667","20190716","5","0","3"
"SDK_MN004","2667","20190717","3.533","0","3"
"SDK_MN004","2667","20190718","5.35","0","3"
"SDK_MN004","2667","20190719","5.217","0","3"
"SDK_MN004","2667","20190720","6.433","0","3"
"SDK_MN004","2667","20190721","8.55","0","3"
"SDK_MN004","2667","20190722","13.233","0","3"
"SDK_MN004","2667","20190723","14.683","0","3"
"SDK_MN004","2667","20190724","13.933","0","3"
"SDK_MN004","2667","20190725","12.867","0","3"
"SDK_MN004","2667","20190726","9.3","0","3"
"SDK_MN004","2667","20190727","0.5","0","3"
"SDK_MN004","2667","20190728","0","0","3"
"SDK_MN004","2667","20190729","11.017","0","3"
"SDK_MN004","2667","20190730","7.333","0","3"
"SDK_MN004","2667","20190731","4.733","0","3"
"SDK_MN004","2667","20190801","6.517","0","3"
"SDK_MN004","2667","20190802","5.617","0","3"
"SDK_MN004","2667","20190803","6.85","0","3"
"SDK_MN004","2667","20190804","12.167","0","3"
"SDK_MN004","2667","20190805","6.633","0","3"
"SDK_MN004","2667","20190806","2.5","0","3"
"SDK_MN004","2667","20190807","3.9","0","3"
"SDK_MN004","2667","20190808","6.55","0","3"
"SDK_MN004","2667","20190809","0.267","0","3"
"SDK_MN004","2667","20190810","8.867","0","3"
"SDK_MN004","2667","20190811","6.317","0","3"
"SDK_MN004","2667","20190812","5.883","0","3"
"SDK_MN004","2667","20190813","4.8","0","3"
"SDK_MN004","2667","20190814","10.183","0","3"
"SDK_MN004","2667","20190815","1.95","0","3"
"SDK_MN004","2667","20190816","8.133","0","3"
"SDK_MN004","2667","20190817","0","0","3"
"SDK_MN004","2667","20190818","0.517","0","3"
"SDK_MN004","2667","20190819","8.883","0","3"
"SDK_MN004","2667","20190820","8.167","0","3"
"SDK_MN004","2667","20190821","10.533","0","3"
"SDK_MN004","2667","20190822","13.033","0","3"
"SDK_MN004","2667","20190823","12.8","0","3"
"SDK_MN004","2667","20190824","13","0","3"
"SDK_MN004","2667","20190825","11.017","0","3"
"SDK_MN004","2667","20190826","10.683","0","3"
"SDK_MN004","2667","20190827","8.95","0","3"
"SDK_MN004","2667","20190828","6.667","0","3"
"SDK_MN004","2667","20190829","6.017","0","3"
"SDK_MN004","2667","20190830","10.267","0","3"
"SDK_MN004","2667","20190831","11.25","0","3"
"SDK_MN004","2667","20190901","1.3","0","3"
"SDK_MN004","2667","20190902","10.7","0","3"
"SDK_MN004","2667","20190903","4.2","0","3"
"SDK_MN004","2667","20190904","5.583","0","3"
"SDK_MN004","2667","20190905","2.783","0","3"
"SDK_MN004","2667","20190906","10.683","0","3"
"SDK_MN004","2667","20190907","1.817","0","3"
"SDK_MN004","2667","20190908","0.6","0","3"
"SDK_MN004","2667","20190909","1.65","0","3"
"SDK_MN004","2667","20190910","10.017","0","3"
"SDK_MN004","2667","20190911","1.767","0","3"
"SDK_MN004","2667","20190912","4.8","0","3"
"SDK_MN004","2667","20190913","1.117","0","3"
"SDK_MN004","2667","20190914","11.267","0","3"
"SDK_MN004","2667","20190915","11.5","0","3"
"SDK_MN004","2667","20190916","0.033","0","3"
"SDK_MN004","2667","20190917","3.183","0","3"
"SDK_MN004","2667","20190918","8.1","0","3"
"SDK_MN004","2667","20190919","10.467","0","3"
"SDK_MN004","2667","20190920","10.85","0","3"
"SDK_MN004","2667","20190921","11.283","0","3"
"SDK_MN004","2667","20190922","6.733","0","3"
"SDK_MN004","2667","20190923","0.517","0","3"
"SDK_MN004","2667","20190924","1.75","0","3"
"SDK_MN004","2667","20190925","2.417","0","3"
"SDK_MN004","2667","20190926","0","0","3"
"SDK_MN004","2667","20190927","4.883","0","3"
"SDK_MN004","2667","20190928","0.45","0","3"
"SDK_MN004","2667","20190929","0.15","0","3"
"SDK_MN004","2667","20190930","2.117","0","3"
"SDK_MN004","2667","20191001","0.05","0","3"
"SDK_MN004","2667","20191002","3.517","0","3"
"SDK_MN004","2667","20191003","0.05","0","3"
"SDK_MN004","2667","20191004","0","0","3"
"SDK_MN004","2667","20191005","1.2","0","3"
"SDK_MN004","2667","20191006","0","0","3"
"SDK_MN004","2667","20191007","0.117","0","3"
"SDK_MN004","2667","20191008","0","0","3"
"SDK_MN004","2667","20191009","0.95","0","3"
"SDK_MN004","2667","20191010","4.517","0","3"
"SDK_MN004","2667","20191011","0.183","0","3"
"SDK_MN004","2667","20191012","5.017","0","3"
"SDK_MN004","2667","20191013","3.717","0","3"
"SDK_MN004","2667","20191014","8.25","0","3"
"SDK_MN004","2667","20191015","0.517","0","3"
"SDK_MN004","2667","20191016","1.033","0","3"
"SDK_MN004","2667","20191017","0.5","0","3"
"SDK_MN004","2667","20191018","2.033","0","3"
"SDK_MN004","2667","20191019","0","0","3"
"SDK_MN004","2667","20191020","0","0","3"
"SDK_MN004","2667","20191021","3.583","0","3"
"SDK_MN004","2667","20191022","2.867","0","3"
"SDK_MN004","2667","20191023","7.133","0","3"
"SDK_MN004","2667","20191024","3.467","0","3"
"SDK_MN004","2667","20191025","6.483","0","3"
"SDK_MN004","2667","20191026","5.733","0","3"
"SDK_MN004","2667","20191027","0","0","3"
"SDK_MN004","2667","20191028","1.95","0","3"
"SDK_MN004","2667","20191029","2.667","0","3"
"SDK_MN004","2667","20191030","2.65","0","3"
"SDK_MN004","2667","20191031","8.133","0","3"
"SDK_MN004","2667","20191101","0","0","3"
"SDK_MN004","2667","20191102","0.25","0","3"
"SDK_MN004","2667","20191103","0.1","0","3"
"SDK_MN004","2667","20191104","1.283","0","3"
"SDK_MN004","2667","20191105","2.1","0","3"
"SDK_MN004","2667","20191106","0","0","3"
"SDK_MN004","2667","20191107","0.167","0","3"
"SDK_MN004","2667","20191108","1.517","0","3"
"SDK_MN004","2667","20191109","1.267","0","3"
"SDK_MN004","2667","20191110","7.8","0","3"
"SDK_MN004","2667","20191111","0","0","3"
"SDK_MN004","2667","20191112","0.083","0","3"
"SDK_MN004","2667","20191113","0","0","3"
"SDK_MN004","2667","20191114","0.283","0","3"
"SDK_MN004","2667","20191115","0.267","0","3"
"SDK_MN004","2667","20191116","5.917","0","3"
"SDK_MN004","2667","20191117","0","0","3"
"SDK_MN004","2667","20191118","0","0","3"
"SDK_MN004","2667","20191119","0.133","0","3"
"SDK_MN004","2667","20191120","3.3","0","3"
"SDK_MN004","2667","20191121","1.767","0","3"
"SDK_MN004","2667","20191122","2.733","0","3"
"SDK_MN004","2667","20191123","3.633","0","3"
"SDK_MN004","2667","20191124","4.317","0","3"
"SDK_MN004","2667","20191125","0","0","3"
"SDK_MN004","2667","20191126","0","0","3"
"SDK_MN004","2667","20191127","0.033","0","3"
"SDK_MN004","2667","20191128","0.033","0","3"
"SDK_MN004","2667","20191129","3.033","0","3"
"SDK_MN004","2667","20191130","4.3","0","3"
"SDK_MN004","2667","20191201","0","0","3"
"SDK_MN004","2667","20191202","0","0","3"
"SDK_MN004","2667","20191203","0","0","3"
"SDK_MN004","2667","20191204","6.183","0","3"
"SDK_MN004","2667","20191205","4.967","0","3"
"SDK_MN004","2667","20191206","0","0","3"
"SDK_MN004","2667","20191207","0","0","3"
"SDK_MN004","2667","20191208","0","0","3"
"SDK_MN004","2667","20191209","0","0","3"
"SDK_MN004","2667","20191210","5.05","0","3"
"SDK_MN004","2667","20191211","0","0","3"
"SDK_MN004","2667","20191212","2.8","0","3"
"SDK_MN004","2667","20191213","0","0","3"
"SDK_MN004","2667","20191214","0.4","0","3"
"SDK_MN004","2667","20191215","3.633","0","3"
"SDK_MN004","2667","20191216","0","0","3"
"SDK_MN004","2667","20191217","1.933","0","3"
"SDK_MN004","2667","20191218","5.6","0","3"
"SDK_MN004","2667","20191219","6.233","0","3"
"SDK_MN004","2667","20191220","0","0","3"
"SDK_MN004","2667","20191221","3.05","0","3"
"SDK_MN004","2667","20191222","0.15","0","3"
"SDK_MN004","2667","20191223","0.033","0","3"
"SDK_MN004","2667","20191224","0.233","0","3"
"SDK_MN004","2667","20191225","0","0","3"
"SDK_MN004","2667","20191226","0.167","0","3"
"SDK_MN004","2667","20191227","0","0","3"
"SDK_MN004","2667","20191228","2.933","0","3"
"SDK_MN004","2667","20191229","0.667","0","3"
"SDK_MN004","2667","20191230","6.1","0","3"
"SDK_MN004","2667","20191231","0.45","0","3"
"SDK_MN004","2667","20200101","2.517","0","3"
"SDK_MN004","2667","20200102","0.8","0","3"
"SDK_MN004","2667","20200103","0","0","3"
"SDK_MN004","2667","20200104","0","0","3"
"SDK_MN004","2667","20200105","0","0","3"
"SDK_MN004","2667","20200106","5.25","0","3"
"SDK_MN004","2667","20200107","0.15","0","3"
"SDK_MN004","2667","20200108","0","0","3"
"SDK_MN004","2667","20200109","0","0","3"
"SDK_MN004","2667","20200110","0","0","3"
"SDK_MN004","2667","20200111","0.917","0","3"
"SDK_MN004","2667","20200112","2.567","0","3"
"SDK_MN004","2667","20200113","1.733","0","3"
"SDK_MN004","2667","20200114","0","0","3"
"SDK_MN004","2667","20200115","1.95","0","3"
"SDK_MN004","2667","20200116","6.883","0","3"
"SDK_MN004","2667","20200117","0.133","0","3"
"SDK_MN004","2667","20200118","1.35","0","3"
"SDK_MN004","2667","20200119","0.433","0","3"
"SDK_MN004","2667","20200120","0.933","0","3"
"SDK_MN004","2667","20200121","7.117","0","3"
"SDK_MN004","2667","20200122","0","0","3"
"SDK_MN004","2667","20200123","0","0","3"
"SDK_MN004","2667","20200124","0","0","3"
"SDK_MN004","2667","20200125","0","0","3"
"SDK_MN004","2667","20200126","5.217","0","3"
"SDK_MN004","2667","20200127","0","0","3"
"SDK_MN004","2667","20200128","1.467","0","3"
"SDK_MN004","2667","20200129","0.583","0","3"
"SDK_MN004","2667","20200130","1.317","0","3"
"SDK_MN004","2667","20200131","3.367","0","3"
